month,availability_percent,patch_compliance_percent,backup_success_percent,sla_met_percent,mean_resolution_minutes,ticket_volume
2026-01,99.82,92,96.0,97.1,118,28
2026-02,99.845,93,96.35,97.35,114,30
2026-03,99.86999999999999,94,96.7,97.6,110,32
2026-04,99.895,95,97.05,97.85,106,34
2026-05,99.91999999999999,96,97.4,98.1,102,36
2026-06,99.945,97,97.75,98.35,98,38
